Time,Unix,Text
17:26:08.736,1767306368.737804,OK
17:26:09.051,1767306369.053609,are
17:26:09.118,1767306369.121069,you
17:26:09.202,1767306369.203654,on
17:26:11.037,1767306371.039371,are
17:26:11.105,1767306371.105205,you
17:26:11.355,1767306371.358044,working
