Time,Unix,Text
15:23:20.294,1767385400.2941916,Hello again
15:23:23.905,1767385403.9064493,.
15:23:27.053,1767385407.0533893,Shema process
15:23:43.512,1767385423.5133665,Shima process
15:23:47.973,1767385427.9733534,shema process
