Time,Unix,Text
15:03:55.109,1767384235.110077,Shema process.
15:04:35.880,1767384275.8807507,Shaman process
15:04:44.829,1767384284.8297126,Shema process
15:05:05.759,1767384305.7593076,Shema process
15:05:13.764,1767384313.7647593,got you.
