Time,Unix,Text
15:24:48.693,1767385488.6946125,Shemale process.
15:24:53.528,1767385493.5291374,Shema process
15:25:05.789,1767385505.7891626,Shema process
