Time,Unix,Text
17:44:59.807,1767307499.8083448,oh hopefully I just wanna make sure
17:45:00.793,1767307500.8003938,that this actually saves
17:45:01.141,1767307501.1423092,it
17:45:02.625,1767307502.6258495,to the logs to
17:45:03.695,1767307503.6957102,the right spot
