Time,Unix,Text
23:38:46.050,1767415126.0506492,Shema process
23:39:14.457,1767415154.4571025,Shema process
23:51:41.664,1767415901.672778,Shema process
