Time,Unix,Text
14:47:23.011,1767383243.0127003,Hey is this working
14:47:31.953,1767383251.9547193,Shema Monkey
14:47:38.827,1767383258.8290744,Shema Shabbat
