Time,Unix,Text
15:08:57.115,1767384537.1163013,Shema
15:09:03.974,1767384543.9746156,OK this is pretty good.
15:09:16.976,1767384556.977268,Shema process.
