Time,Unix,Text
23:56:07.035,1767416167.036434,file:///C:/Users/AColl/OneDrive/Pictures/Camera Roll/WIN_20260102_16_44_16_Pro.mp4
23:56:33.239,1767416193.240251,Shema process
00:00:49.852,1767416449.867536,Shema process
00:01:07.272,1767416467.2742634,**** process
00:01:12.416,1767416472.4180121,Shema process
