Time,Unix,Text
14:52:39.702,1767383559.7039967,OK we're having a conversation this is nice.
14:52:48.252,1767383568.2534747,Shema Gemini
14:53:16.238,1767383596.2380836,Shema Gemini
14:53:33.339,1767383613.3401585,So if I just leave this up and I say Shema Gemini
14:54:41.023,1767383681.023075,Shema
14:54:48.552,1767383688.5534828,shema process
