Time,Unix,Text
17:56:08.535,1767308168.5371418,OK I hope this actually works now
17:56:12.297,1767308172.2986152,joy
17:56:12.642,1767308172.6444063,is
17:56:13.230,1767308173.231545,cool
17:56:17.912,1767308177.913932,and if I could do it again I would say
17:56:18.623,1767308178.6255136,is awesome
17:56:22.678,1767308182.6793475,I would
17:56:23.492,1767308183.4941986,say that joy is awesome
