Time,Unix,Text
15:03:09.671,1767384189.6719995,OK cool this should be working now
15:03:11.325,1767384191.3259358,.
15:03:16.074,1767384196.0744886,Shema process.
15:03:22.791,1767384202.7922611,Shema process.
15:03:29.879,1767384209.8800561,Shema process.
