Time,Unix,Text
21:43:58.486,1767321838.4873116,Is this at least working please God let it type
21:44:01.145,1767321841.1450493,No it's not
21:44:05.105,1767321845.1050012,Put it OK it's safe
