Time,Unix,Text
15:31:18.983,1767385878.984139,Shema
15:31:26.837,1767385886.8380473,shema process
