Time,Unix,Text
15:58:27.661,1767387507.6628416,Shema process
15:59:50.961,1767387590.9618418,Shema process
