Time,Unix,Text
14:39:45.279,1767382785.2806256,G
14:39:46.298,1767382786.2993605,H
14:39:54.660,1767382794.661356,Yo I'm just in here and typing and hopefully stuff comes out.
