Time,Unix,Text
22:50:49.149,1767325849.1495023,OK
22:50:51.832,1767325851.8332124,It's in there
