Time,Unix,Text
14:50:15.264,1767383415.2657187,OK this should be working right
14:50:20.955,1767383420.9562387,Shema Monkey
