Time,Unix,Text
14:24:59.868,1767381899.8683407,OK i'm just saying words and hopefully they are getting recorded
14:25:05.407,1767381905.4075396,But then once you get that first one in is it good
14:25:11.293,1767381911.2945597,It's still a little bit slow I don't like how slow it is.
14:25:18.600,1767381918.6008387,OK we'll see how to make that better overtime.
14:25:32.756,1767381932.756777,Shema Shabbat
14:25:43.207,1767381943.2080994,interesting.
14:25:50.492,1767381950.4925997,You don't lower it
