Time,Unix,Text
14:26:55.811,1767382015.8131547,H
14:27:05.167,1767382025.1682854,OK guys I'm out here saying stuff.
14:27:13.763,1767382033.7642913,But for some reason nothing is actually getting processed.
