Time,Unix,Text
14:36:13.122,1767382573.124043,H
14:36:25.122,1767382585.1225326,OK so words should actually be coming in here right question
14:36:31.501,1767382591.5016148,But now I don't see any words
14:36:33.801,1767382593.8017862,.
14:36:39.390,1767382599.3902946,So fucking strange.
